<?xml version="1.0" encoding="UTF-8" ?>
<!DOCTYPE mapper PUBLIC "-//mybatis.org//DTD Mapper 3.0//EN" "http://mybatis.org/dtd/mybatis-3-mapper.dtd">
<mapper namespace="com.tang.mapper.ItemChildMapper">
    <!--实体类与数据库映射字段部分-->
    <resultMap id="ResultMapItemChild" type="com.tang.po.ItemChild">
        <result property="id" column="id" jdbcType="INTEGER"/>
        <!--<result property="userId" column="userId" jdbcType="INTEGER"/>-->
        <result property="itemId" column="item_id" jdbcType="INTEGER"/>
        <result property="content" column="content" jdbcType="VARCHAR"/>
        <result property="zprize" column="zprize" jdbcType="VARCHAR"/>
        <!--<result property="addTime" column="addTime" jdbcType="TIMESTAMP"/>-->
        <association property="item" column="item_id" select="com.tang.mapper.ItemMapper.load"/>
        <!--<association property="user" column="user_id" select="com.tang.mapper.UserMapper.load"/>-->
    </resultMap>

    <!-- 声明数据库字段 -->
    <sql id="ItemChild_field">
        id,item_id,content,zprize
    </sql>

    <!-- 实体类属性-->
    <sql id="ItemChild_insert">
        #{id},#{itemId},#{content},#{zprize}
    </sql>

    <!-- 更新结果  -->
    <sql id="ItemChild_update">
        <if test="itemId != null">
            item_id = #{itemId},
        </if>
        <if test="content != null">
            content = #{content},
        </if>
        <if test="zprize != null">
            zprize = #{zprize},
        </if>
    </sql>

    <!-- 查询时条件   -->
    <sql id="ItemChild_where">
        <if test="id != null">
            and id = #{id}
        </if>
        <if test="itemId != null">
            and item_id = #{itemId}
        </if>
        <if test="content != null">
            and content = #{content}
        </if>
        <if test="zprize != null">
            and zprize = #{zprize}
        </if>
    </sql>


    <!--    新增        -->
    <!--    参数：实体类-->
    <!--    返回：主键 -->
    <insert id="insert" parameterType="com.tang.po.ItemChild" useGeneratedKeys="true" keyProperty="id">
        insert into item_child(
        <include refid="ItemChild_field"/>
        ) values(
        <include refid="ItemChild_insert"/>
        )
    </insert>

    <!-- 根据实体主键删除一个实体-->
    <delete id="deleteById" parameterType="java.lang.Integer">
        delete from item_child where id=#{id}
    </delete>

    <!-- 通过实体删除-->
    <delete id="deleteByEntity" parameterType="com.tang.po.ItemChild">
        delete from item_child where 1=1
        <include refid="ItemChild_where"/>
    </delete>

    <!-- 通过map删除 -->
    <delete id="deleteByMap" parameterType="java.util.HashMap">
        delete from item_child where 1=1
        <include refid="ItemChild_where"/>
    </delete>

    <!-- 更新一个实体 -->
    <update id="update" parameterType="com.tang.po.ItemChild">
        update item_child
        <set>
            <include refid="ItemChild_update"/>
        </set>
        where 1=1
        <include refid="ItemChild_where"/>
    </update>

    <!-- 通过id进行修改-->
    <update id="updateById" parameterType="com.tang.po.ItemChild">
        update item_child
        <set>
            <include refid="ItemChild_update"/>
        </set>
        where id=#{id}
    </update>

    <!-- 根据参数查询-->
    <select id="listByMap" resultMap="ResultMapItemChild" parameterType="map">
        select <include refid="ItemChild_field"/>
        from item_child where 1=1
        <include refid="ItemChild_where"/>
    </select>

    <!-- 查询整个表 -->
    <select id="listAll" resultMap="ResultMapItemChild">
        select <include refid="ItemChild_field"/>
        from item_child
    </select>

    <!-- 查询所有实体,根据实体属性值为判断条件查询所有实体-->
    <select id="listAllByEntity" resultMap="ResultMapItemChild" parameterType="com.tang.po.ItemChild">
        select <include refid="ItemChild_field"/>
        from item_child where 1=1
        <include refid="ItemChild_where"/>
    </select>

    <!-- 根据主键获取一个实体-->
    <select id="load" resultMap="ResultMapItemChild" parameterType="java.lang.Integer">
        select <include refid="ItemChild_field"/>
        from item_child where id=#{id}
    </select>

    <!-- 根据主键获取一个实体-->
    <select id="getById" resultMap="ResultMapItemChild" parameterType="java.lang.Integer">
        select <include refid="ItemChild_field"/>
        from item_child where id=#{id}
    </select>

    <!-- 通过map查询-->
    <select id="getByMap" resultMap="ResultMapItemChild" parameterType="map">
        select <include refid="ItemChild_field"/>
        from item_child where 1=1
        <include refid="ItemChild_where"/>
    </select>

    <!--通过对象查询-不分页-->
    <select id="getByEntity" resultMap="ResultMapItemChild" parameterType="com.tang.po.ItemChild">
        select <include refid="ItemChild_field"/>
        from item_child where 1=1
        <include refid="ItemChild_where"/>
    </select>

    <!-- 通过map查询分页-->
    <select id="findByMap" resultMap="ResultMapItemChild" parameterType="map">
        select <include refid="ItemChild_field"/>
        from item_child where 1=1
        <include refid="ItemChild_where"/>
    </select>

    <!--通过对象查询分页-->
    <select id="findByEntity" resultMap="ResultMapItemChild" parameterType="com.tang.po.ItemChild">
        select <include refid="ItemChild_field"/>
        from item_child where 1=1
        <include refid="ItemChild_where"/>
    </select>

    <!--根据商品id查询对象列表-->
    <select id="listByItemId" resultMap="ResultMapItemChild">
        select <include refid="ItemChild_field"/>
        from item_child where item_id = #{id} order by id desc
    </select>

    <!-- 批量新增-->
    <select id="insertBatch" parameterType="java.util.List">
        insert into item_child(
        <include refid="ItemChild_field"/>
        ) values
        <foreach collection="list" item="item" index="index" separator=",">
            (#{item.itemId},#{item.content})
        </foreach>
    </select>

    <!-- 批量修改-->
    <update id="updateBatch" parameterType="java.util.List">
        <foreach collection="list" item="item" index="index" separator=";">
            update item_child
            <set>
                <if test="item.itemId != null">
                    item_id = #{item.itemId},
                </if>
                <if test="item.content != null">
                    content = #{item.content},
                </if>
                <if test="item.content != null">
                    zprize = #{item.zprize},
                </if>
            </set>
            where 1=1
            <if test="item.id != null">
                and id = #{item.id}
            </if>
        </foreach>
    </update>

    <!-- 封装纯sql语法-->
    <!-- 查询一个对象返回map-->
    <select id="getBySqlReturnMap" resultType="map">
        ${sql}
    </select>

    <!-- 查询一个对象返回实体类-->
    <select id="getBySqlReturnEntity" resultMap="ResultMapItemChild">
        ${sql}
    </select>

    <!-- 查询一个对象返回map列表-->
    <select id="listBySqlReturnMap" resultType="map">
        ${sql}
    </select>

    <!-- 查询列表返回实体-->
    <select id="listBySqlReturnEntity" resultMap="ResultMapItemChild">
        ${sql}
    </select>

    <!-- 查询分页-->
    <select id="findBySqlRerturnEntity" resultMap="ResultMapItemChild">
        ${sql}
    </select>

    <!-- 通过sql修改-->
    <update id="updateBysql">
        ${sql}
    </update>

    <!-- 通过sql删除-->
    <delete id="deleteBySql">
         ${sql}
    </delete>
</mapper>